491. "null null, " --- rivasej@gmail.com ------- FIX FIRST

.... "rivasej, "


505. "null null, " --- chrismoriarty91@gmail.com ------- FIX FIRST

.... "chrismoriarty91, "


---------------------------------------------------------------------------------------


6. "Josh, null" --- josh@littlefishaudio.com ------- FIX FIRST & LAST

.. "josh, "


10. "Ziv, null" --- ziv@gushpanca.com ------- FIX FIRST & LAST

... "ziv, "


156. "SKARLEYGUERRERO, null" --- SKARLEYGUERRERO@gmail.com ------- FIX FIRST & LAST

.... "skarleyguerrero, "


181. "VirgilioAlarcon, null" --- virgilioalarcon@gmail.com ------- FIX FIRST & LAST

.... "virgilioalarcon, "


185. "WayneHall, null" --- waynehall@me.com ------- FIX FIRST & LAST

.... "waynehall, "


191. "Alexander, null" --- alexander@alexanderbrix.com ------- FIX FIRST & LAST

.... "alexander, "


---------------------------------------------------------------------------------------


65. "elilue, null" --- elilue@4geeks.co ------- FIX LAST

... "elilue, "


93. "albertovargas, null" --- albertovargas@hotmail.com ------- FIX LAST

... "albertovargas, "


99. "guillenfernando1322, null" --- guillenfernando1322@gmail.com ------- FIX LAST

... "guillenfernando1322, "


100. "caucaa, null" --- caucaa@gmail.com ------- FIX LAST

.... "caucaa, "


101. "cagonzalez, null" --- cagonzalez@saaca.com.ve ------- FIX LAST

.... "cagonzalez, "


102. "angeljaramillo34, null" --- angeljaramillo34@gmail.com ------- FIX LAST

.... "angeljaramillo34, "


103. "maclemente, null" --- maclemente@gmail.com ------- FIX LAST

.... "maclemente, "


105. "javenda, null" --- javenda@gmail.com ------- FIX LAST

.... "javenda, "


106. "esoto, null" --- esoto@ideolab.net ------- FIX LAST

.... "esoto, "


108. "jekceres, null" --- jekceres@gmail.com ------- FIX LAST

.... "jekceres, "


109. "vloretocastillo, null" --- vloretocastillo@gmail.com ------- FIX LAST

.... "vloretocastillo, "


110. "verstolbun, null" --- verstolbun@gmail.com ------- FIX LAST

.... "verstolbun, "


111. "gabymcobo, null" --- gabymcobo@gmail.com ------- FIX LAST

.... "gabymcobo, "


112. "kymsantosg, null" --- kymsantosg@gmail.com ------- FIX LAST

.... "kymsantosg, "


113. "ainciarte, null" --- ainciarte@gmail.com ------- FIX LAST

.... "ainciarte, "


114. "informatic333, null" --- informatic333@gmail.com ------- FIX LAST

.... "informatic333, "


115. "jcarrascal5, null" --- jcarrascal5@gmail.com ------- FIX LAST

.... "jcarrascal5, "


117. "maclementem, null" --- maclementem@gmail.com ------- FIX LAST

.... "maclementem, "


119. "andvictoriaa, null" --- andvictoriaa@gmail.com ------- FIX LAST

.... "andvictoriaa, "


139. "raiffhg, null" --- raiffhg@gmail.com ------- FIX LAST

.... "raiffhg, "


141. "ramm86, null" --- ramm86@gmail.com ------- FIX LAST

.... "ramm86, "


143. "auxilex, null" --- auxilex@yahoo.com ------- FIX LAST

.... "auxilex, "


144. "dajg26, null" --- dajg26@gmail.com ------- FIX LAST

.... "dajg26, "


146. "hjalbarran, null" --- hjalbarran@gmail.com ------- FIX LAST

.... "hjalbarran, "


147. "cbruzual, null" --- cbruzual@gmail.com ------- FIX LAST

.... "cbruzual, "


149. "mjdhucv, null" --- mjdhucv@gmail.com ------- FIX LAST

.... "mjdhucv, "


150. "maribelferre, null" --- maribelferre@gmail.com ------- FIX LAST

.... "maribelferre, "


151. "marodriguezbb, null" --- marodriguezbb@gmail.com ------- FIX LAST

.... "marodriguezbb, "


152. "aachaconcastillo, null" --- aachaconcastillo@gmail.com ------- FIX LAST

.... "aachaconcastillo, "


154. "gregoryconstant, null" --- gregoryconstant@hormail.com ------- FIX LAST

.... "gregoryconstant, "


157. "sportww, null" --- sportww@gmail.com ------- FIX LAST

.... "sportww, "


164. "triohost, null" --- triohost@gmail.com ------- FIX LAST

.... "triohost, "


203. "vhajdukovic, null" --- vhajdukovic@beaconcouncil.com ------- FIX LAST

.... "vhajdukovic, "


253. "lstadler, null" --- lstadler@4geeks.co ------- FIX LAST

.... "lstadler, "


---------------------------------------------------------------------------------------


0. "Fake, Studenth" --- a+fakestudent8@4geeks.us ------- CORRECT

.. "Fake, Studenth"


1. "Alejandro, Leon" --- alejandro.leon1223@gmail.com ------- CORRECT

.. "Alejandro, Leon"


2. "Edgar, Brignoni" --- edgarbrignoni@icloud.com ------- CORRECT

.. "Edgar, Brignoni"


3. "David, Helberg" --- helberg.david@gmail.com ------- CORRECT

.. "David, Helberg"


4. "Michael, Venereo" --- hexen6@gmail.com ------- CORRECT

.. "Michael, Venereo"


5. "Jose, Arce" --- imjosearce@gmail.com ------- CORRECT

.. "Jose, Arce"


7. "Marlon, Taylor" --- marlon.taylor83@gmail.com ------- CORRECT

.. "Marlon, Taylor"


8. "Idanis, " --- miamigirl2017@outlook.com ------- CORRECT

.. "Idanis, "


9. "Ximena, Puig" --- ximenapuig018@gmail.com ------- CORRECT

.. "Ximena, Puig"


11. "Alba, " --- albitacai@gmail.com ------- CORRECT

... "Alba, "


12. "Andres, " --- andres-toth@hotmail.com ------- CORRECT

... "Andres, "


13. "Bryan, " --- bryanalpha1@gmail.com ------- CORRECT

... "Bryan, "


14. "Carlos, " --- Carlosinfante19@gmail.com ------- CORRECT

... "Carlos, "


15. "Carlos, Oliveros" --- ceor30@gmail.com ------- CORRECT

... "Carlos, Oliveros"


16. "Eduardo, " --- eduardowario@hotmail.com ------- CORRECT

... "Eduardo, "


17. "Edward, " --- edwardt_2604@hotmail.com ------- CORRECT

... "Edward, "


18. "Engels, " --- engelsarismendi@gmail.com ------- CORRECT

... "Engels, "


19. "Francisco, " --- franfossi@gmail.com ------- CORRECT

... "Francisco, "


20. "Gabriel, " --- gabrielescalonav@gmail.com ------- CORRECT

... "Gabriel, "


21. "Harold, " --- harold_marcano@hotmail.com ------- CORRECT

... "Harold, "


22. "Isabel, " --- isabel.calzadilla.27@hotmail.es ------- CORRECT

... "Isabel, "


23. "Luis, " --- luis152288@gmail.com ------- CORRECT

... "Luis, "


24. "Luis, " --- luismedher@gmail.com ------- CORRECT

... "Luis, "


25. "Miguel, " --- miguel.acosta.1994@gmail.com ------- CORRECT

... "Miguel, "


26. "Raffaele, " --- ranaldoraffaele@gmail.com ------- CORRECT

... "Raffaele, "


27. "Rafael, " --- rlopeza@yahoo.com ------- CORRECT

... "Rafael, "


28. "Rodolfo, " --- rodoarico@gmail.com ------- CORRECT

... "Rodolfo, "


29. "Simon, Stengel" --- simoneitor10@hotmail.com ------- CORRECT

... "Simon, Stengel"


30. "Nestor, " --- stengelo26@gmail.com ------- CORRECT

... "Nestor, "


31. "Levis, " --- urriolaster@gmail.com ------- CORRECT

... "Levis, "


32. "Armando, " --- aacostafinancial@outlook.com ------- CORRECT

... "Armando, "


33. "Alejandra, " --- aleradiant@gmail.com ------- CORRECT

... "Alejandra, "


34. "Alexander, " --- alexlador2@gmail.com ------- CORRECT

... "Alexander, "


35. "Juan, " --- alonsojuanmiguel@gmail.com ------- CORRECT

... "Juan, "


36. "Carlos, " --- carlosfelix2000@hotmail.com ------- CORRECT

... "Carlos, "


37. "Cristal, " --- crisoropeza@gmail.com ------- CORRECT

... "Cristal, "


38. "Franz, " --- franzmgarcia@gmail.com ------- CORRECT

... "Franz, "


39. "Ibsen, " --- ibsenjg@gmail.com ------- CORRECT

... "Ibsen, "


40. "Kleyber, " --- kleybersoto@hotmail.com ------- CORRECT

... "Kleyber, "


41. "Leonardo, " --- leolowbb18@gmail.com ------- CORRECT

... "Leonardo, "


42. "Luis, Alberto" --- lllbto@hotmail.com ------- CORRECT

... "Luis, Alberto"


43. "Luis, Armando" --- luisarmando20092009@hotmail.com ------- CORRECT

... "Luis, Armando"


44. "Marcello, " --- marcelloservitad@gmail.com ------- CORRECT

... "Marcello, "


45. "Onofre, " --- onofreliscano@gmail.com ------- CORRECT

... "Onofre, "


46. "Pedro, " --- pedroaq8@gmail.com ------- CORRECT

... "Pedro, "


47. "Julia, " --- rutiemendez@gmail.com ------- CORRECT

... "Julia, "


48. "Suheil, " --- suheilbelloruiz@gmail.com ------- CORRECT

... "Suheil, "


49. "Yamile, " --- yamisarmivilla@gmail.com ------- CORRECT

... "Yamile, "


50. "Alven, " --- arreazamedicinabucal@gmail.com ------- CORRECT

... "Alven, "


51. "Emilio, " --- egraterol@4geeks.co ------- CORRECT

... "Emilio, "


52. "Alejandro, " --- a+fakestudentmcbo@4geeks.co ------- CORRECT

... "Alejandro, "


53. "Ivan, " --- Ivanjosevera28@gmail.com ------- CORRECT

... "Ivan, "


54. "Jesus, " --- jesusrafael.urdaneta@hotmail.com ------- CORRECT

... "Jesus, "


55. "Jose, " --- jjcastillomejias@gmail.com ------- CORRECT

... "Jose, "


56. "Jorge, " --- jorgemsm19@gmail.com ------- CORRECT

... "Jorge, "


57. "Luis, " --- luish.proyectos@gmail.com ------- CORRECT

... "Luis, "


58. "Mayela, " --- mayela123@gmail.com ------- CORRECT

... "Mayela, "


59. "Norberto, Molero" --- nmolero12@gmail.com ------- CORRECT

... "Norberto, Molero"


60. "Cesar, " --- Rasec13x06@gmail.com ------- CORRECT

... "Cesar, "


61. "Samuel, " --- sahv.07@gmail.com ------- CORRECT

... "Samuel, "


62. "Gabriel, " --- Srgabo13@gmail.com ------- CORRECT

... "Gabriel, "


63. "Marcelo, Ricigliano" --- marcelo.ricigliano@gmail.com ------- CORRECT

... "Marcelo, Ricigliano"


64. "Marceloriciglianocantos, " --- marcelo.ricigliano+1@gmail.com ------- CORRECT

... "Marceloriciglianocantos, "


66. "Lasharon, Billups" --- L.BILLUPS92@GMAIL.COM ------- CORRECT

... "Lasharon, Billups"


67. "Romerofrank, " --- romero.frank.r@gmail.com ------- CORRECT

... "Romerofrank, "


68. "Dianadelisle, " --- DIANA.DELISLE87@GMAIL.COM ------- CORRECT

... "Dianadelisle, "


69. "Lozanodaniel, " --- lozanodaniel02@gmail.com ------- CORRECT

... "Lozanodaniel, "


70. "Davidlozano, " --- DAVID140813@GMAIL.COM ------- CORRECT

... "Davidlozano, "


71. "Sandy, Macenat" --- smacenat@yahoo.com ------- CORRECT

... "Sandy, Macenat"


72. "Gretel, Martinez" --- gretelmn@gmail.com ------- CORRECT

... "Gretel, Martinez"


73. "Samanta, Cabrera" --- SAMANTHACABRERA@ME.COM ------- CORRECT

... "Samanta, Cabrera"


74. "Ricardosanchez, " --- RICARDO.SANCHEZ013@MYMDC.NET ------- CORRECT

... "Ricardosanchez, "


75. "Matosricardo, " --- MATOSONLINE@GMAIL.COM ------- CORRECT

... "Matosricardo, "


76. "Augusto, Gonzalez" --- porrockio@gmail.com ------- CORRECT

... "Augusto, Gonzalez"


77. "Aymee, Zayas" --- Juancarlosdlb@gmail.com ------- CORRECT

... "Aymee, Zayas"


78. "Jorge, Rivero" --- JRIVERO3122@GMAIL.COM ------- CORRECT

... "Jorge, Rivero"


79. "Luigi, Gallardo" --- elpocho19@gmail.com ------- CORRECT

... "Luigi, Gallardo"


80. "Janeth, Ochoa" --- freelanceochoa@gmail.com ------- CORRECT

... "Janeth, Ochoa"


81. "Jdl, Blanca" --- jc@wearethecollage.com ------- CORRECT

... "Jdl, Blanca"


82. "Aymee, Z" --- A_ZAYAS@MAC.COM ------- CORRECT

... "Aymee, Z"


83. "Joseem, " --- joseemm96@gmail.com ------- CORRECT

... "Joseem, "


84. "Michelle, " --- chellet.jd@gmail.com ------- CORRECT

... "Michelle, "


85. "Carlosbermudez, " --- cbermudez1982@gmail.com ------- CORRECT

... "Carlosbermudez, "


86. "Deivisbuelvas, " --- deivisbl94@gmail.com ------- CORRECT

... "Deivisbuelvas, "


87. "Ellery, " --- elleryjose72@gmail.com ------- CORRECT

... "Ellery, "


88. "Juan, Camacho" --- jdcm10@gmail.com ------- CORRECT

... "Juan, Camacho"


89. "Julio, Lossada" --- juliocesarlossada@gmail.com ------- CORRECT

... "Julio, Lossada"


90. "Fredy, Gonzalez" --- prefeca@hotmail.com ------- CORRECT

... "Fredy, Gonzalez"


91. "Linda, Montilla" --- lindamontillac@gmail.com ------- CORRECT

... "Linda, Montilla"


92. "Alejandro, Calmen" --- calmenorama@gmail.com ------- CORRECT

... "Alejandro, Calmen"


94. "Gabriel, Franco" --- gafranco1994@gmail.com ------- CORRECT

... "Gabriel, Franco"


95. "Jose, Moreno" --- jdjmoreno1986@gmail.com ------- CORRECT

... "Jose, Moreno"


96. "Luis, Salazar" --- lansperformance@gmail.com ------- CORRECT

... "Luis, Salazar"


97. "Victor, Rincon" --- vhrd2003@hotmail.com ------- CORRECT

... "Victor, Rincon"


98. "Bernardo, Mirabal" --- bmirabal@gmail.com ------- CORRECT

... "Bernardo, Mirabal"


104. "Augustopmorche, " --- augusto_pmorche@hotmail.com ------- CORRECT

.... "Augustopmorche, "


107. "Abrahamcastillo, " --- adcd_abrahamcastillo@hotmail.com ------- CORRECT

.... "Abrahamcastillo, "


116. "Wackson, " --- wackson86.jm@gmail.com ------- CORRECT

.... "Wackson, "


118. "Jonathan, Toledo" --- toledojon@gmail.com ------- CORRECT

.... "Jonathan, Toledo"


120. "David, Morales" --- dartmora@gmail.com ------- CORRECT

.... "David, Morales"


121. "Annalisa, " --- annalisadamore91@libero.it ------- CORRECT

.... "Annalisa, "


122. "Fernando, " --- fern1972@gmail.com ------- CORRECT

.... "Fernando, "


123. "Francesco, " --- fc.mercuri@gmail.com ------- CORRECT

.... "Francesco, "


124. "Ian, " --- ian.pimentel002@gmail.com ------- CORRECT

.... "Ian, "


125. "Jorge, " --- jorgeluisvelez@yahoo.com ------- CORRECT

.... "Jorge, "


126. "Lou, " --- loustadler@hotmail.com ------- CORRECT

.... "Lou, "


127. "Shawn, " --- shinton01@gmail.com ------- CORRECT

.... "Shawn, "


128. "Yineisy, Mota" --- ymota@4geeks.co ------- CORRECT

.... "Yineisy, Mota"


129. "Roberto, Daglio" --- rdaglioiii@gmail.com ------- CORRECT

.... "Roberto, Daglio"


130. "Will, Villate" --- wvillate1989@gmail.com ------- CORRECT

.... "Will, Villate"


131. "Gabriel, Inneco" --- innecco9@gmail.com ------- CORRECT

.... "Gabriel, Inneco"


132. "Colby, Taylor" --- colbyt.093@gmail.com ------- CORRECT

.... "Colby, Taylor"


133. "Joseperez, " --- info@tecnoconsult.us ------- CORRECT

.... "Joseperez, "


134. "Ingmarcosanuel, " --- ing.marcos.anuel@gmail.com ------- CORRECT

.... "Ingmarcosanuel, "


135. "Carlos, Avila" --- caenavgu@gmail.com ------- CORRECT

.... "Carlos, Avila"


136. "Jonathan, Ferragut" --- jonnywrites@gmail.com ------- CORRECT

.... "Jonathan, Ferragut"


137. "Donzalee, Baker" --- jdonzalee@gmail.com ------- CORRECT

.... "Donzalee, Baker"


138. "Kekelee, " --- keeekeee093@gmail.com ------- CORRECT

.... "Kekelee, "


140. "Ivan, Aranzazu" --- iaranzazu@4geeks.co ------- CORRECT

.... "Ivan, Aranzazu"


142. "Ricardoiacono, " --- ricardo.iacono@gmail.com ------- CORRECT

.... "Ricardoiacono, "


145. "Joeljosegomez, " --- joel.jose.gomez@gmail.com ------- CORRECT

.... "Joeljosegomez, "


148. "Fabianajad, " --- fabiana.jad@gmail.com ------- CORRECT

.... "Fabianajad, "


153. "Danielocampo, " --- DANIEL.OCAMPO002@YAHOO.COM ------- CORRECT

.... "Danielocampo, "


155. "M, Wiltshire" --- mw.Michiko.85@gmail.com ------- CORRECT

.... "M, Wiltshire"


158. "Alfredo, Arias" --- Balzehaguao@gmail.com ------- CORRECT

.... "Alfredo, Arias"


159. "Maritza, Yanes" --- maritza.13022013@gmail.com ------- CORRECT

.... "Maritza, Yanes"


160. "Rainel, Urdaneta" --- raniel_urdaneta.78@hotmail.com ------- CORRECT

.... "Rainel, Urdaneta"


161. "Andres, Albarran" --- albarran.andres2@gmail.com ------- CORRECT

.... "Andres, Albarran"


162. "David, Redondo" --- davdaniel26@gmail.com ------- CORRECT

.... "David, Redondo"


163. "Ricardo, Briceno" --- ricardoviteri90@gmail.com ------- CORRECT

.... "Ricardo, Briceno"


165. "Francesca, Marinuzzi" --- france.marinuzzi0203@gmail.com ------- CORRECT

.... "Francesca, Marinuzzi"


166. "Antonio, Cedeno" --- antoniocedeno0401@gmail.com ------- CORRECT

.... "Antonio, Cedeno"


167. "David, Mizrahi" --- davidmizrago@gmail.com ------- CORRECT

.... "David, Mizrahi"


168. "David, Serrada" --- davidasb.27@gmail.com ------- CORRECT

.... "David, Serrada"


169. "Eliece, Ache" --- acheeliecer@gmail.com ------- CORRECT

.... "Eliece, Ache"


170. "Carlosmendoza, " --- cmendoza.re@gmail.com ------- CORRECT

.... "Carlosmendoza, "


171. "Ariagny, Diaz" --- aridiazg@hotmail.com ------- CORRECT

.... "Ariagny, Diaz"


172. "Jose, Freitas" --- josedft94@gmail.com ------- CORRECT

.... "Jose, Freitas"


173. "Andres, Espinoza" --- aeemag@gmail.com ------- CORRECT

.... "Andres, Espinoza"


174. "Jesus, Cadiz" --- esuscadiz22@gmail.com ------- CORRECT

.... "Jesus, Cadiz"


175. "Arnaldo, Rodriguez" --- arnaldorodriguez50@gmail.com ------- CORRECT

.... "Arnaldo, Rodriguez"


176. "Ivan, Aranzazu" --- i.aranzazu91@gmail.com ------- CORRECT

.... "Ivan, Aranzazu"


177. "Andres, Montbrun" --- amontbrun@yahoo.com ------- CORRECT

.... "Andres, Montbrun"


178. "Enny, Hidalgo" --- design.microswiss@gmail.com ------- CORRECT

.... "Enny, Hidalgo"


179. "Luispita, " --- luiseduardopita@hotmail.com ------- CORRECT

.... "Luispita, "


180. "Antonio, Ugas" --- antonio.ugas@gmail.com ------- CORRECT

.... "Antonio, Ugas"


182. "Isabel, Calzadilla" --- isabel.calzadilla.18@gmail.com ------- CORRECT

.... "Isabel, Calzadilla"


183. "Daniel, Gonz" --- dnlgnz21g@gmail.com ------- CORRECT

.... "Daniel, Gonz"


184. "Luciano, " --- alrg18_chano@hotmail.com ------- CORRECT

.... "Luciano, "


186. "Marisol, Pena" --- mspena2017@gmail.com ------- CORRECT

.... "Marisol, Pena"


187. "Jay Mac Duffie, " --- macduffie.j@gmail.com ------- CORRECT

.... "Jay Mac Duffie, "


188. "Lateef, B" --- Lateefbiriowo@yahoo.com ------- CORRECT

.... "Lateef, B"


189. "Alan, Guevara" --- a@alanthinks.com ------- CORRECT

.... "Alan, Guevara"


190. "Asa, Sealy" --- asa@abrandingshop.com ------- CORRECT

.... "Asa, Sealy"


192. "Jesus, Cad" --- jesuscadiz22@gmail.com ------- CORRECT

.... "Jesus, Cad"


193. "Alejandro, Sanchez" --- aalejo@gmail.com ------- CORRECT

.... "Alejandro, Sanchez"


194. "Carlos, Gomez" --- gomezc958@hotmail.com ------- CORRECT

.... "Carlos, Gomez"


195. "Daniel, Martinez" --- iamdannyae@gmail.com ------- CORRECT

.... "Daniel, Martinez"


196. "Kevin, Recino" --- recino47@gmail.com ------- CORRECT

.... "Kevin, Recino"


197. "Carlos, Castellanos" --- carcas44@gmail.com ------- CORRECT

.... "Carlos, Castellanos"


198. "Peter, Schwarck" --- peterschwarck@gmail.com ------- CORRECT

.... "Peter, Schwarck"


199. "Yelitza, Chacon" --- yelic29@hotmail.com ------- CORRECT

.... "Yelitza, Chacon"


200. "Yuliia, Khorkova" --- ykhorkova@gmail.com ------- CORRECT

.... "Yuliia, Khorkova"


201. "Emily, Urbina" --- eurbina3014@gmail.com ------- CORRECT

.... "Emily, Urbina"


202. "Madison, Verger" --- madisonverger613@gmail.com ------- CORRECT

.... "Madison, Verger"


204. "Carlos, Castellanos" --- carcas4444@gmail.com ------- CORRECT

.... "Carlos, Castellanos"


205. "Rainel, Urdaneta2" --- Urainel@gmail.com ------- CORRECT

.... "Rainel, Urdaneta2"


206. "Alejandro, Sanchez" --- a.alejo@gmail.com ------- CORRECT

.... "Alejandro, Sanchez"


207. "Cristal, Gasviria" --- cristal.61@gmail.com ------- CORRECT

.... "Cristal, Gasviria"


208. "Gabriel, Mesa" --- gabrielandres4f@gmail.com ------- CORRECT

.... "Gabriel, Mesa"


209. "Jorge, Roger" --- roger1956@gmail.com ------- CORRECT

.... "Jorge, Roger"


210. "Reyders, Morales" --- reyders1@gmail.com ------- CORRECT

.... "Reyders, Morales"


211. "Jesus, Lopez" --- viljl993@gmail.com ------- CORRECT

.... "Jesus, Lopez"


212. "Javier, Duran" --- javieredm@gmail.com ------- CORRECT

.... "Javier, Duran"


213. "Karla, Espinoza" --- karla.espinoza@gmail.com ------- CORRECT

.... "Karla, Espinoza"


214. "Steffany, Terán" --- steffanytj@gmail.com ------- CORRECT

.... "Steffany, Terán"


215. "Cliff, Garcia" --- garcia01cgn@gmail.com ------- CORRECT

.... "Cliff, Garcia"


216. "ZAIR VARGAS ZARRAGA, " --- zair.buenacausa.org@gmail.com ------- CORRECT

.... "ZAIR VARGAS ZARRAGA, "


217. "Orlando, Moreno" --- omorenotorres@hotmail.com ------- CORRECT

.... "Orlando, Moreno"


218. "JEAN CARLOS DIAZ, " --- profesorjeandiaz@gmail.com ------- CORRECT

.... "JEAN CARLOS DIAZ, "


219. "Olga, Loreto" --- olore006@fiu.edu ------- CORRECT

.... "Olga, Loreto"


220. "Mike, Berrio" --- mikeberrio10@hotmail.com ------- CORRECT

.... "Mike, Berrio"


221. "Jobel, Cabezas" --- JOBEL.C@GMAIL.COM ------- CORRECT

.... "Jobel, Cabezas"


222. "Luis, Salavarria" --- Z36700@YAHOO.COM ------- CORRECT

.... "Luis, Salavarria"


223. "Emily, Vong" --- emily.vong25@gmail.com ------- CORRECT

.... "Emily, Vong"


224. "Yariel, Dominguez" --- cubanboy4life@gmail.com ------- CORRECT

.... "Yariel, Dominguez"


225. "Frank, Caballero" --- FRANKDAVID93OM@YAHOO.COM ------- CORRECT

.... "Frank, Caballero"


226. "Keshaunda, Parrish" --- PARRISH309@GMAIL.COM ------- CORRECT

.... "Keshaunda, Parrish"


227. "Raul, Prado" --- PRADORAUL15@YAHOO.COM ------- CORRECT

.... "Raul, Prado"


228. "Lemuel, Leriche" --- LEMUELLERICHE@GMAIL.COM ------- CORRECT

.... "Lemuel, Leriche"


229. "Jesus, Pirona" --- jpironag@gmail.com ------- CORRECT

.... "Jesus, Pirona"


230. "Raul, Prado" --- raul.prado002@mymdc.net ------- CORRECT

.... "Raul, Prado"


231. "Ignacio, Cordoba" --- carnagev@gmail.com ------- CORRECT

.... "Ignacio, Cordoba"


232. "Ernesto, Diaz" --- edcorbo@yahoo.com ------- CORRECT

.... "Ernesto, Diaz"


233. "Rocio, Rodriguez" --- rocio212@gmail.com ------- CORRECT

.... "Rocio, Rodriguez"


234. "Mariana, Leon" --- ceo@mleon.pro ------- CORRECT

.... "Mariana, Leon"


235. "Daniela, Hernández" --- dhernandez@4geeks.co ------- CORRECT

.... "Daniela, Hernández"


236. "Alejandro, Prework" --- aa.lejo@gmail.com ------- CORRECT

.... "Alejandro, Prework"


237. "Daniela Hernández F, " --- Danielaehernandezf@gmail.com ------- CORRECT

.... "Daniela Hernández F, "


238. "Marcelo, Hotmail" --- mercchelo@hotmail.com ------- CORRECT

.... "Marcelo, Hotmail"


239. "Kermitt, Matilla" --- mantilla.k.b@gmai.com ------- CORRECT

.... "Kermitt, Matilla"


240. "Janelle, Campos" --- campos.janellep@google.com ------- CORRECT

.... "Janelle, Campos"


241. "Alexander, Mantilla" --- Alexander_bruce94@yahoo.com ------- CORRECT

.... "Alexander, Mantilla"


242. "Charles, Harper" --- charleshrp102992@gmail.com ------- CORRECT

.... "Charles, Harper"


243. "Michael, Stone" --- michaelalexstone@gmail.com ------- CORRECT

.... "Michael, Stone"


244. "Melissa, Mejia" --- melissamejia273@gmail.com ------- CORRECT

.... "Melissa, Mejia"


245. "Florencia, Viera" --- florenciaviera4@gmail.com ------- CORRECT

.... "Florencia, Viera"


246. "Janelle, Campos" --- campos.janellep@gmail.com ------- CORRECT

.... "Janelle, Campos"


247. "Ixax, Tavarez" --- i.tavarez@umiami.edu ------- CORRECT

.... "Ixax, Tavarez"


248. "Ivan, Queija" --- Ivanqueija@yahoo.com ------- CORRECT

.... "Ivan, Queija"


249. "Hugo, Vargas" --- HueVargas@gmail.com ------- CORRECT

.... "Hugo, Vargas"


250. "Frank, Manzanarez" --- frankmanzanarez@gmail.com ------- CORRECT

.... "Frank, Manzanarez"


251. "Jerry, Pierre" --- jpierre22@yahoo.com ------- CORRECT

.... "Jerry, Pierre"


252. "Harper, Martinez" --- harperrosedev@gmail.com ------- CORRECT

.... "Harper, Martinez"


254. "Susie, Crisp" --- susiefcrisp@gmail.com ------- CORRECT

.... "Susie, Crisp"


255. "Kermit, Mantilla" --- mantilla.k.b@gmail.com ------- CORRECT

.... "Kermit, Mantilla"


256. "Victor, García" --- vicks1008@gmail.com ------- CORRECT

.... "Victor, García"


257. "Dimitri, Efthimiou" --- dimitrie13@outlook.com ------- CORRECT

.... "Dimitri, Efthimiou"


258. "Carlos, Rivera" --- crivera2596@gmail.com ------- CORRECT

.... "Carlos, Rivera"


259. "Marcela, Munoz" --- marcelita_9221@hotmail.com ------- CORRECT

.... "Marcela, Munoz"


260. "KENNETH DAVIS JR, " --- kdorganized@gmail.com ------- CORRECT

.... "KENNETH DAVIS JR, "


261. "Josue, Torres" --- torres.josue@yahoo.com ------- CORRECT

.... "Josue, Torres"


262. "Katie, Simmons" --- ksimmons714@hotmail.com ------- CORRECT

.... "Katie, Simmons"


263. "Daniel, Aquino" --- aquino.d@hotmail.com ------- CORRECT

.... "Daniel, Aquino"


264. "Mauricio, Osorio" --- info@mosorio.net ------- CORRECT

.... "Mauricio, Osorio"


265. "Luis, Morales" --- luismorales0919@gmail.com ------- CORRECT

.... "Luis, Morales"


266. "Tomer, Nava" --- tomernava999@gmail.com ------- CORRECT

.... "Tomer, Nava"


267. "Shir, Nava" --- shirnava@gmail.com ------- CORRECT

.... "Shir, Nava"


268. "Shehryar, Khan" --- Shehryar.x.khan@gmail.com ------- CORRECT

.... "Shehryar, Khan"


269. "Blake, Connally" --- blake@modsi.io ------- CORRECT

.... "Blake, Connally"


270. "Marcus, Ford" --- marcusford2000@gmail.com ------- CORRECT

.... "Marcus, Ford"


271. "Ashley, Jeudy" --- ashleyjeudy11@gmail.com ------- CORRECT

.... "Ashley, Jeudy"


272. "Brandon, Wheeler" --- mawheelerusn@gmail.com ------- CORRECT

.... "Brandon, Wheeler"


273. "Camilo, Graterol" --- camgraterol@gmail.com ------- CORRECT

.... "Camilo, Graterol"


274. "Daniela Di Coco, " --- danieladicocco@hotmail.com ------- CORRECT

.... "Daniela Di Coco, "


275. "Eliecer, Gerdler" --- ej20xx@gmail.com ------- CORRECT

.... "Eliecer, Gerdler"


276. "Carlos, Angulo" --- carlos_ve437@yahoo.com ------- CORRECT

.... "Carlos, Angulo"


277. "Julyanna, Jaramillo" --- july.jarabeiner@gmail.com ------- CORRECT

.... "Julyanna, Jaramillo"


278. "Isaac, Jaimes" --- isaacjaimes548@gmail.com ------- CORRECT

.... "Isaac, Jaimes"


279. "Joseph, Rosanes" --- rosanesmj17@gmail.com ------- CORRECT

.... "Joseph, Rosanes"


280. "Alexander, Mendez" --- alesmendezds@gmail.com ------- CORRECT

.... "Alexander, Mendez"


281. "Richard, Colmenares" --- guillocolmenarez@gmail.com ------- CORRECT

.... "Richard, Colmenares"


282. "Rodrigo, Bello" --- rodbello@gmail.com ------- CORRECT

.... "Rodrigo, Bello"


283. "Andres, Imery" --- andresimery@gmail.com ------- CORRECT

.... "Andres, Imery"


284. "Greg, Ostroff" --- greg.ostroff@boats.com ------- CORRECT

.... "Greg, Ostroff"


285. "Daiza, Martinez" --- daizamartinez@gmail.com ------- CORRECT

.... "Daiza, Martinez"


286. "Sol, Rivero" --- solbrivero@gmail.com ------- CORRECT

.... "Sol, Rivero"


287. "Miguel, Suarez" --- miguel_s07@live.com ------- CORRECT

.... "Miguel, Suarez"


288. "Anthony, Diaz" --- anrds17@gmail.com ------- CORRECT

.... "Anthony, Diaz"


289. "Daniela, Hernandez" --- d.anielaehernandezf@gmail.com ------- CORRECT

.... "Daniela, Hernandez"


290. "Ron, Bonfilio" --- ronjoebon@gmail.com ------- CORRECT

.... "Ron, Bonfilio"


291. "Susan, Maarouf" --- SEMAAROUF@GMAIL.COM ------- CORRECT

.... "Susan, Maarouf"


292. "Tanya, Gershon" --- Tanya@healsci.com ------- CORRECT

.... "Tanya, Gershon"


293. "Elizaveta, Shmakova" --- liza-shmakova@bk.ru ------- CORRECT

.... "Elizaveta, Shmakova"


294. "Katherine, Cordova" --- katc724@gmail.com ------- CORRECT

.... "Katherine, Cordova"


295. "Gloria, Andino" --- andinoga@gmail.com ------- CORRECT

.... "Gloria, Andino"


296. "Cathrine, Bien-aime" --- Cathrinebienaime@yahoo.com ------- CORRECT

.... "Cathrine, Bien-aime"


297. "Hashid, Louis" --- 98louis.hashid@gmail.com ------- CORRECT

.... "Hashid, Louis"


298. "Paula, Doty" --- paulag5777@gmail.com ------- CORRECT

.... "Paula, Doty"


299. "Steffie, Allan" --- eclaude95@gmail.com ------- CORRECT

.... "Steffie, Allan"


300. "Naila, Kaliyeva" --- nailakaliyeva@gmail.com ------- CORRECT

.... "Naila, Kaliyeva"


301. "Olson, Dimanche" --- dimanche.nav@gmail.com ------- CORRECT

.... "Olson, Dimanche"


302. "Scott, Huang" --- scottyh527@gmail.com ------- CORRECT

.... "Scott, Huang"


303. "Javier Sarcar Quiros, " --- libertypunk5@gmail.com ------- CORRECT

.... "Javier Sarcar Quiros, "


304. "Renato, Froes" --- renatofroes@gmail.com ------- CORRECT

.... "Renato, Froes"


305. "Carlos, Bruzual" --- carlosbruzual95@gmail.com ------- CORRECT

.... "Carlos, Bruzual"


306. "Janere, Quijano" --- janereq@gmail.com ------- CORRECT

.... "Janere, Quijano"


307. "Frank, Manzanarez" --- fmanzanarez@outlook.com ------- CORRECT

.... "Frank, Manzanarez"


308. "Stanley, Thomas" --- nexus.vanwilder@gmail.com ------- CORRECT

.... "Stanley, Thomas"


309. "Ramiro, Ramiro" --- mercchelo+1@hotmail.com ------- CORRECT

.... "Ramiro, Ramiro"


310. "Daniela, Hermandez" --- d.hernandez@4geeks.co ------- CORRECT

.... "Daniela, Hermandez"


311. "Valerie, Falcone" --- vfalcone7070@gmail.com ------- CORRECT

.... "Valerie, Falcone"


312. "Rosy, Kaur" --- rosy.multimedia@gmail.com ------- CORRECT

.... "Rosy, Kaur"


313. "Scott, Urueta" --- edibles@gmail.com ------- CORRECT

.... "Scott, Urueta"


314. "Mike, Febre" --- mikemisk@gmail.com ------- CORRECT

.... "Mike, Febre"


315. "Michelle, Gonzalez" --- gazlz_michelle@yahoo.com ------- CORRECT

.... "Michelle, Gonzalez"


316. "Carlos, Franco" --- carlosfranco176@gmail.com ------- CORRECT

.... "Carlos, Franco"


317. "Carlos, Garcia" --- carlosjavierg1994@yahoo.com ------- CORRECT

.... "Carlos, Garcia"


318. "Ken, Mclean" --- km@networkcables.com ------- CORRECT

.... "Ken, Mclean"


319. "Mauricio, Espinoza" --- yersaenz2014@gmail.com ------- CORRECT

.... "Mauricio, Espinoza"


320. "Roberto, Salazar" --- robertsalazar31@hotmail.com ------- CORRECT

.... "Roberto, Salazar"


321. "Armonia, Romero" --- armoniare@gmail.com ------- CORRECT

.... "Armonia, Romero"


322. "Jean Carlos Brito, " --- britojeancarlos@gmail.com ------- CORRECT

.... "Jean Carlos Brito, "


323. "Maria Laura Bugallo, " --- marilbugallo30@gmail.com ------- CORRECT

.... "Maria Laura Bugallo, "


324. "Gershon, Douek" --- gershdouek@gmail.com ------- CORRECT

.... "Gershon, Douek"


325. "Victor, Samuelli" --- saumelliv@gmail.com ------- CORRECT

.... "Victor, Samuelli"


326. "Daniel, Trompetero" --- datrompetero3600@gmail.com ------- CORRECT

.... "Daniel, Trompetero"


327. "Ernesto, Medina" --- ernesto.m.medina.m@gmail.com ------- CORRECT

.... "Ernesto, Medina"


328. "Henderson, Villegas" --- hvillegas@arawato.co ------- CORRECT

.... "Henderson, Villegas"


329. "Adolfo, Hernandez" --- Ahernandez@arawato.co ------- CORRECT

.... "Adolfo, Hernandez"


330. "Joaquin, Figueroa" --- juaquin610@gmail.com ------- CORRECT

.... "Joaquin, Figueroa"


331. "Alfredo, Castro" --- alfrecg@hotmail.com ------- CORRECT

.... "Alfredo, Castro"


332. "Blake, Albertson" --- ALBERTSON.BLAKE@YAHOO.COM ------- CORRECT

.... "Blake, Albertson"


333. "Sergio, Herrera" --- REGONLINE@BELLSOUTH.NET ------- CORRECT

.... "Sergio, Herrera"


334. "Jessica Rose Hunt, " --- HUNT.JESSICAR@GMAIL.COM ------- CORRECT

.... "Jessica Rose Hunt, "


335. "Henry, Orama" --- henryorama07@gmail.com ------- CORRECT

.... "Henry, Orama"


336. "Manuel, Pena" --- MANUELIPENA@GMAIL.COM ------- CORRECT

.... "Manuel, Pena"


337. "Renzo, Rusca" --- renzo.rusca@gmail.com ------- CORRECT

.... "Renzo, Rusca"


338. "Patricio, Suarez" --- PATSUAREZ614@gmail.COM ------- CORRECT

.... "Patricio, Suarez"


339. "Maria Laura Barreiro, " --- LAUBARREYRO@HOTMAIL.COM ------- CORRECT

.... "Maria Laura Barreiro, "


340. "Bridgette, Garcia" --- Bridgette.garcia26@gmail.com ------- CORRECT

.... "Bridgette, Garcia"


341. "Manuel, Vasquez" --- MANNYVAZQUEZ786@YAHOO.COM ------- CORRECT

.... "Manuel, Vasquez"


342. "Gabriel, Herndon" --- gherndon5@gmail.com ------- CORRECT

.... "Gabriel, Herndon"


343. "Juan, Gomez" --- jpgomezg@gmail.com ------- CORRECT

.... "Juan, Gomez"


344. "Fabio, Flores" --- fabio.florez@yahoo.com ------- CORRECT

.... "Fabio, Flores"


345. "Renel, Potter" --- r09pott@gmail.com ------- CORRECT

.... "Renel, Potter"


346. "Anirays, Camino" --- anirays@anincubator.com ------- CORRECT

.... "Anirays, Camino"


347. "Nicolas, Bolivar" --- nbolivar@ibeen.com ------- CORRECT

.... "Nicolas, Bolivar"


348. "Brian, Logsdon" --- brianlogsdon2@gmail.com ------- CORRECT

.... "Brian, Logsdon"


349. "Irvine, Springer" --- irvine.springer@gmail.com ------- CORRECT

.... "Irvine, Springer"


350. "Yusniel, Espino" --- eyusniel@gmail.com ------- CORRECT

.... "Yusniel, Espino"


351. "James, Walters" --- j.walters@4geeks.co ------- CORRECT

.... "James, Walters"


352. "Ale, Sanchez" --- a.lejo@hotmail.com ------- CORRECT

.... "Ale, Sanchez"


353. "Matt, Keeran" --- mskeeran@gmail.com ------- CORRECT

.... "Matt, Keeran"


354. "Camilo, Contreras" --- kmilorxn1913@gmail.com ------- CORRECT

.... "Camilo, Contreras"


355. "Andy, Baquez" --- ANDYB211@GMAIL.COM ------- CORRECT

.... "Andy, Baquez"


356. "Raul, Baques" --- raulbaques@gmail.com ------- CORRECT

.... "Raul, Baques"


357. "Carlos, Laguna" --- clagccs@gmail.com ------- CORRECT

.... "Carlos, Laguna"


358. "Gustavo, Guerreto" --- guerreroloreto92@gmail.com ------- CORRECT

.... "Gustavo, Guerreto"


359. "Hector, Zambrano" --- hzambrano.ve@gmail.com ------- CORRECT

.... "Hector, Zambrano"


360. "Benjamin, Chumaceiro" --- benchumaceiro@gmail.com ------- CORRECT

.... "Benjamin, Chumaceiro"


361. "Betzabeth, Mendez" --- mendez.bsq@gmail.com ------- CORRECT

.... "Betzabeth, Mendez"


362. "Daniela, Ropero" --- danielaroperov@gmail.com ------- CORRECT

.... "Daniela, Ropero"


363. "Johan, Alejandro" --- johangarcia_2001@hotmail.com ------- CORRECT

.... "Johan, Alejandro"


364. "Melanie, Young" --- ms.melanieyoung@gmail.com ------- CORRECT

.... "Melanie, Young"


365. "Danny, Jeanlouis" --- dlouis2186@gmail.com ------- CORRECT

.... "Danny, Jeanlouis"


366. "Camilo, Contreras" --- camilo.coo250@gmail.com ------- CORRECT

.... "Camilo, Contreras"


367. "Salvatore, Frosceno" --- salfrosceno@gmail.com ------- CORRECT

.... "Salvatore, Frosceno"


368. "Walter, Szmuler" --- wszmuler@gmail.com ------- CORRECT

.... "Walter, Szmuler"


369. "Melissa, Alvarez" --- alvarez8808@gmail.com ------- CORRECT

.... "Melissa, Alvarez"


370. "Jackelyn, Fisher" --- jacquelynfisher83@gmail.com ------- CORRECT

.... "Jackelyn, Fisher"


371. "Adam, Quintanilla" --- adam.r.quintanilla@gmail.com ------- CORRECT

.... "Adam, Quintanilla"


372. "Daphness, Fils-aime" --- sirdaph@gmail.com ------- CORRECT

.... "Daphness, Fils-aime"


373. "Azul, Botaya" --- Admbotaya@gmail.com ------- CORRECT

.... "Azul, Botaya"


374. "Sasha, Acosta" --- sacosta1024@gmail.com ------- CORRECT

.... "Sasha, Acosta"


375. "Emily, Jones" --- emilycjones@college.harvard.edu ------- CORRECT

.... "Emily, Jones"


376. "James, Grover" --- jgrovermail@gmail.com ------- CORRECT

.... "James, Grover"


377. "Matthew, Julien" --- matthewtjulien@gmail.com ------- CORRECT

.... "Matthew, Julien"


378. "Sean, Warfman" --- swarfman0509@gmail.com ------- CORRECT

.... "Sean, Warfman"


379. "David, Hay" --- hay.david@hotmail.com ------- CORRECT

.... "David, Hay"


380. "Keij, Nakagawa" --- Kenaga9@icloud.com ------- CORRECT

.... "Keij, Nakagawa"


381. "Jacques, Fidelia" --- jacques.fidelia@gmail.com ------- CORRECT

.... "Jacques, Fidelia"


382. "Jeff, Stone" --- sr.stowne@gmail.com ------- CORRECT

.... "Jeff, Stone"


383. "Raquel, Morrison" --- morrisonraquel@gmail.com ------- CORRECT

.... "Raquel, Morrison"


384. "Andrew, Jorquera" --- andrewsjorquera@gmail.com ------- CORRECT

.... "Andrew, Jorquera"


385. "Angelo, Martinez" --- amart670@fiu.edu ------- CORRECT

.... "Angelo, Martinez"


386. "Vladimir, Psiacic" --- vladimirpisacic@gmail.com ------- CORRECT

.... "Vladimir, Psiacic"


387. "marceloindart, " --- marceloindart@gmail.com ------- CORRECT

.... "marceloindart, "


388. "Josue, Rodriguez" --- rodzcruz.josue@gmail.com ------- CORRECT

.... "Josue, Rodriguez"


389. "Enrique, Linares" --- linarescarmona@gmail.com ------- CORRECT

.... "Enrique, Linares"


390. "Yojaner, Sierra" --- yojaner@icloud.com ------- CORRECT

.... "Yojaner, Sierra"


391. "Kacey, Dawson" --- dawson.kacey@gmail.com ------- CORRECT

.... "Kacey, Dawson"


392. "Diana, Montano" --- diani.montano@gmail.com ------- CORRECT

.... "Diana, Montano"


393. "Yennifer, Mateo" --- ymnine25@gmail.com ------- CORRECT

.... "Yennifer, Mateo"


394. "Rene, Silva" --- rene.silva74@yahoo.com ------- CORRECT

.... "Rene, Silva"


395. "Sandra, Menendez" --- sandra.menendez003@mymdc.net ------- CORRECT

.... "Sandra, Menendez"


396. "Felix, Ramos" --- FELIXANDRERAMOS@HOTMAIL.COM ------- CORRECT

.... "Felix, Ramos"


397. "Maikel, Sanchez" --- maikel.sanchezguti@gmail.com ------- CORRECT

.... "Maikel, Sanchez"


398. "Terrence, Sweeting" --- TSWEETING@BELLSOUTH.NET ------- CORRECT

.... "Terrence, Sweeting"


399. "Santiago, Quintero" --- SQUIN@UMICH.EDU ------- CORRECT

.... "Santiago, Quintero"


400. "Elton, De Arma" --- glaelt@yahoo.com ------- CORRECT

.... "Elton, De Arma"


401. "Brian, Forde" --- BEEZYHD@YAHOO.COM ------- CORRECT

.... "Brian, Forde"


402. "Yamile, García" --- yeeehyami@gmail.com ------- CORRECT

.... "Yamile, García"


403. "Nayhara Luiza, Machado" --- nlm.nalu@yahoo.com.br ------- CORRECT

.... "Nayhara Luiza, Machado"


404. "Radames, Cruz" --- radamescruz.jr@gmail.com ------- CORRECT

.... "Radames, Cruz"


405. "William, Boakye" --- wboak001@FIU.edu ------- CORRECT

.... "William, Boakye"


406. "Charles, Fabricius" --- cjsn22@gmail.com ------- CORRECT

.... "Charles, Fabricius"


407. "Salvatore, Tarantola" --- starantola@gmail.com ------- CORRECT

.... "Salvatore, Tarantola"


408. "Enrique, Smith" --- enriqueesmith@gmail.com ------- CORRECT

.... "Enrique, Smith"


409. "Stewart, Benson" --- Istews@live.com ------- CORRECT

.... "Stewart, Benson"


410. "Greg, Depersio" --- greg.depersio@gmail.com ------- CORRECT

.... "Greg, Depersio"


411. "Julio, Londono" --- juliolondonogarcia@gmail.com ------- CORRECT

.... "Julio, Londono"


412. "Maximo, Dominguez" --- mamodom@gmail.com ------- CORRECT

.... "Maximo, Dominguez"


413. "Jahmauri, Bauldrick" --- pinkat730@gmail.com ------- CORRECT

.... "Jahmauri, Bauldrick"


414. "Ryan, Graham" --- gramryry@gmail.com ------- CORRECT

.... "Ryan, Graham"


415. "Don, Major" --- don.major001@mymdc.net ------- CORRECT

.... "Don, Major"


416. "Jose, Santiago" --- webashock89@gmail.com ------- CORRECT

.... "Jose, Santiago"


417. "Martin, Prospers" --- martinprospers1@gmail.com ------- CORRECT

.... "Martin, Prospers"


418. "Juan, Reina" --- jrein008@fiu.edu ------- CORRECT

.... "Juan, Reina"


419. "Kevin, Hernandez" --- khernandez@stcsolutions.com.ve ------- CORRECT

.... "Kevin, Hernandez"


420. "Reinaldo, Loyo" --- reinaldoloyo@gmail.com ------- CORRECT

.... "Reinaldo, Loyo"


421. "Franklin A Paredes, " --- jozambrano215@gmail.com ------- CORRECT

.... "Franklin A Paredes, "


422. "Daniel, Paredes" --- daniel.paredes587@gmail.com ------- CORRECT

.... "Daniel, Paredes"


423. "M Iraca, Sanchez" --- fuzzdigital@gmail.com ------- CORRECT

.... "M Iraca, Sanchez"


424. "Jose, Pino" --- leojap123@gmail.com ------- CORRECT

.... "Jose, Pino"


425. "Julio, Somarriba" --- jsomarriba3481@gmail.com ------- CORRECT

.... "Julio, Somarriba"


426. "Jorge, Mair" --- jorgemair@yahoo.com ------- CORRECT

.... "Jorge, Mair"


427. "Andres, De Jesus Cabrera" --- heyandresdjc@gmail.com ------- CORRECT

.... "Andres, De Jesus Cabrera"


428. "Victor, Garcia" --- vgarcia@arawato.co ------- CORRECT

.... "Victor, Garcia"


429. "Victor, Garcia" --- Victorgarcia.ing@gmail.com ------- CORRECT

.... "Victor, Garcia"


430. "Juan Carlos, Hernández" --- jhernandezgraphic@gmail.com ------- CORRECT

.... "Juan Carlos, Hernández"


431. "Debra, Pogorelsky" --- debra@bridgesunite.com ------- CORRECT

.... "Debra, Pogorelsky"


432. "Jonathan B, Toledo" --- toledobank88@gmail.com ------- CORRECT

.... "Jonathan B, Toledo"


433. "Victor, Fitchhorn" --- victor.fitchhorn@gmail.com ------- CORRECT

.... "Victor, Fitchhorn"


434. "Gabriel, Manzur" --- Manzur.g@gmail.com ------- CORRECT

.... "Gabriel, Manzur"


435. "Lina, Mieres" --- lina.mieres@gmail.com ------- CORRECT

.... "Lina, Mieres"


436. "Alvaro, Ortiz" --- alvaro.ortiz23@hotmail.com ------- CORRECT

.... "Alvaro, Ortiz"


437. "Carolina, Corro" --- carolina.corro.f@gmail.com ------- CORRECT

.... "Carolina, Corro"


438. "Thiago, Cavalcante" --- thiagopcsantos@gmail.com ------- CORRECT

.... "Thiago, Cavalcante"


439. "Luis Enrique, Oberto" --- luisenriqueoberto@gmail.com ------- CORRECT

.... "Luis Enrique, Oberto"


440. "Irving, Diart" --- irving.diart@gmail.com ------- CORRECT

.... "Irving, Diart"


441. "Daniela, Henriquez" --- dhenriquezf@yahoo.com ------- CORRECT

.... "Daniela, Henriquez"


442. "Camilo, Oñate" --- caonatem@gmail.com ------- CORRECT

.... "Camilo, Oñate"


443. "Lewis, Lopez" --- lewleo@gmail.com ------- CORRECT

.... "Lewis, Lopez"


444. "Mauricio, Estay" --- mauroestay@gmail.com ------- CORRECT

.... "Mauricio, Estay"


445. "elezzard-design, " --- elezzard-design@hotmail.com ------- CORRECT

.... "elezzard-design, "


446. "Rodrigo, Fuentes" --- fuentesosorio@hotmail.com ------- CORRECT

.... "Rodrigo, Fuentes"


447. "Jorge, Guevara" --- guevaratrejo@gmail.com ------- CORRECT

.... "Jorge, Guevara"


448. "Vanessa, Herrera" --- vandrianamw@gmail.com ------- CORRECT

.... "Vanessa, Herrera"


449. "Camilo, Hernandez" --- camilohernandezcueto@gmail.com ------- CORRECT

.... "Camilo, Hernandez"


450. "Jamie camilo Gonzalez, " --- jaimediaz.gx@gmail.com ------- CORRECT

.... "Jamie camilo Gonzalez, "


451. "Adolfo, Fierro" --- adolfofierro@gmail.com ------- CORRECT

.... "Adolfo, Fierro"


452. "Abigail Zamora Ithal, " --- angerera@gmail.com ------- CORRECT

.... "Abigail Zamora Ithal, "


453. "Juan Carlos Poblete, " --- fuancapoblete@gmail.com ------- CORRECT

.... "Juan Carlos Poblete, "


454. "Nelson, Silva" --- nelsonsilvaovalle@gmail.com ------- CORRECT

.... "Nelson, Silva"


455. "Paola, Alvarado" --- paola.alvarado.z@icloud.com ------- CORRECT

.... "Paola, Alvarado"


456. "Leonardo, Romero" --- hiroaki@hotmail.cl ------- CORRECT

.... "Leonardo, Romero"


457. "Dante, Guillen" --- dantesai9@gmail.com ------- CORRECT

.... "Dante, Guillen"


458. "Clarisse, Gorrez" --- clarisse?gorrez@yahoo.com ------- CORRECT

.... "Clarisse, Gorrez"


459. "Clarisse, Gorrez" --- clarisse_gorrez@yahoo.com ------- CORRECT

.... "Clarisse, Gorrez"


460. "Ricardo, Leiva" --- ricardo.sikic@gmail.com ------- CORRECT

.... "Ricardo, Leiva"


461. "Yorman, Herrera" --- yorman.431@gmail.com ------- CORRECT

.... "Yorman, Herrera"


462. "Isaac, Rivas" --- isaacrivas140@gmail.com ------- CORRECT

.... "Isaac, Rivas"


463. "Edgar, Pelayo" --- edgar.pelayo@gmail.com ------- CORRECT

.... "Edgar, Pelayo"


464. "Maria Francisca, Oliva" --- mfolivahenriquez@gmail.com ------- CORRECT

.... "Maria Francisca, Oliva"


465. "Joaquín, Nilo" --- Jniloalvarado@gmail.com ------- CORRECT

.... "Joaquín, Nilo"


466. "Alex, Berrios" --- alexalfonsob@gmail.com ------- CORRECT

.... "Alex, Berrios"


467. "E Patricia, Rojas" --- erojasur@gmail.com ------- CORRECT

.... "E Patricia, Rojas"


468. "Pamela, Riquelme" --- pvriquel@gmail.com ------- CORRECT

.... "Pamela, Riquelme"


469. "Bruno, Ost" --- innovation.br@gmail.com ------- CORRECT

.... "Bruno, Ost"


470. "Carlos, Salaverria" --- cws@soapindrycleaning.com ------- CORRECT

.... "Carlos, Salaverria"


471. "Jose, Puebla" --- joey_manuel@outlook.com ------- CORRECT

.... "Jose, Puebla"


472. "Makomu, Waldron" --- makomuwaldron.csd@gmail.com ------- CORRECT

.... "Makomu, Waldron"


473. "Guesry, Simon" --- guersy1988@gmail.com ------- CORRECT

.... "Guesry, Simon"


474. "Rebecca, Barger" --- REBECCALEEBARGER@GMAIL.COM ------- CORRECT

.... "Rebecca, Barger"


475. "Garces Machado, Ladisley" --- lalygarces@yahoo.com ------- CORRECT

.... "Garces Machado, Ladisley"


476. "Gonzalo, Sanchez" --- brutalo@icloud.com ------- CORRECT

.... "Gonzalo, Sanchez"


477. "Eliana, Quijada" --- eliana.quijada.g@gmail.com ------- CORRECT

.... "Eliana, Quijada"


478. "Carlo, Ascencio" --- carlo.ascencio.arangua@gmail.com ------- CORRECT

.... "Carlo, Ascencio"


479. "Laura, Arellano" --- lolauriss@gmail.com ------- CORRECT

.... "Laura, Arellano"


480. "Fabian, Castro" --- castrolagosfabian@gmail.com ------- CORRECT

.... "Fabian, Castro"


481. "Gerardo, Araneda" --- g.ara.b9613@gmail.com ------- CORRECT

.... "Gerardo, Araneda"


482. "Humberto, Zarate" --- zarate.val@gmail.com ------- CORRECT

.... "Humberto, Zarate"


483. "Ivan, Sepulveda" --- ivsepulvedaa@gmail.com ------- CORRECT

.... "Ivan, Sepulveda"


484. "Matias Ignacio, Arias Orellana" --- matiasarias810@gmail.com ------- CORRECT

.... "Matias Ignacio, Arias Orellana"


485. "Mudafar El Halabi, " --- mudafar@stcsolutions.com.ve ------- CORRECT

.... "Mudafar El Halabi, "


486. "Simon, Izquierdo" --- simonshiroganta@gmail.com ------- CORRECT

.... "Simon, Izquierdo"


487. "Giorgio, Saturno" --- giorgiosaturnos@gmail.com ------- CORRECT

.... "Giorgio, Saturno"


488. "Andres, Silva" --- huesose@gmail.com ------- CORRECT

.... "Andres, Silva"


489. "Paolo, Castillo" --- paolo_s_castillo@yahoo.com ------- CORRECT

.... "Paolo, Castillo"


490. "Alex, Henriques" --- Alexresende@ymail.com ------- CORRECT

.... "Alex, Henriques"


492. "Alex, Campo" --- a.campo@healthsolutionscorp.com ------- CORRECT

.... "Alex, Campo"


493. "Daniel, Rivera" --- daniel.riverachicahual@gmail.com ------- CORRECT

.... "Daniel, Rivera"


494. "Franco, Hurra" --- kofran.cl@gmail.com ------- CORRECT

.... "Franco, Hurra"


495. "Jocelyn, Jaig" --- jocelyn_jaig@hotmail.com ------- CORRECT

.... "Jocelyn, Jaig"


496. "Harles, Suitt" --- h.suitt97@gmail.com ------- CORRECT

.... "Harles, Suitt"


497. "Patricio, Espinoza" --- espinozapato2001@gmail.com ------- CORRECT

.... "Patricio, Espinoza"


498. "Ricardo, Riederer" --- riederer@hotmail.com ------- CORRECT

.... "Ricardo, Riederer"


499. "Christopher, Hall" --- chall361@gmail.com ------- CORRECT

.... "Christopher, Hall"


500. "Rocky, Zadock" --- rockyzadok@gmail.com ------- CORRECT

.... "Rocky, Zadock"


501. "Miguel, Curilen" --- curilen.m@outlook.com ------- CORRECT

.... "Miguel, Curilen"


502. "Vicente, Faundez" --- Vcfade@gmail.com ------- CORRECT

.... "Vicente, Faundez"


503. "Brandon, Spottswood" --- brandonspottswood@gmail.com ------- CORRECT

.... "Brandon, Spottswood"


504. "Luis J., Rodriguez O." --- ljavierrodriguez@gmail.com ------- CORRECT

.... "Luis J., Rodriguez O."


506. "Patricio, Vega" --- patricio.vega.caceres@gmail.com ------- CORRECT

.... "Patricio, Vega"


507. "Marcel, Venegas" --- marcel.venega@gmail.com ------- CORRECT

.... "Marcel, Venegas"


508. "Giovanni, Franco" --- giovannyf@hotmail.com ------- CORRECT

.... "Giovanni, Franco"


509. "Leonardo, Gaskin" --- leogaskin@hotmail.com ------- CORRECT

.... "Leonardo, Gaskin"


510. "Eduardo, Munoz" --- eduardo.munoz.p@gmail.com ------- CORRECT

.... "Eduardo, Munoz"


511. "Carlos Del Valle, " --- carlosimdvv@gmail.com ------- CORRECT

.... "Carlos Del Valle, "


512. "Hernan, Garcia" --- hernanjkd@gmail.com ------- CORRECT

.... "Hernan, Garcia"


513. "Felix, Navarro" --- felixnavarro513@gmail.com ------- CORRECT

.... "Felix, Navarro"


514. "Barbara, Ramos" --- barbara.ramos@gmail.com ------- CORRECT

.... "Barbara, Ramos"


515. "Vanessa, Fernander" --- myemailaddress.bestcontact@gmail.com ------- CORRECT

.... "Vanessa, Fernander"


516. "Fernando, Funes" --- ferfunes@gmail.com ------- CORRECT

.... "Fernando, Funes"


517. "Tiarra, Mcintosh" --- tmcin0329@gmail.com ------- CORRECT

.... "Tiarra, Mcintosh"


518. "Giovanni, Lituma" --- giovanninet@icloud.com ------- CORRECT

.... "Giovanni, Lituma"


519. "Michael, Brewer" --- brewer12enterprises@gmail.com ------- CORRECT

.... "Michael, Brewer"


520. "Morris, Wishnia" --- m.wishnia@gmail.com ------- CORRECT

.... "Morris, Wishnia"


521. "Joao, Xavier" --- Jhcxavier@gmail.com ------- CORRECT

.... "Joao, Xavier"


522. "Juan, " --- pablochile2017@gmail.com ------- CORRECT

.... "Juan, "


523. "Guillermo Nicolas, Piedrabuena" --- gnpiedrabuena@miuandes.cl ------- CORRECT

.... "Guillermo Nicolas, Piedrabuena"


524. "Eduardo, Lizama" --- edulizamav@gmail.com ------- CORRECT

.... "Eduardo, Lizama"


525. "Natalia, Millsaps" --- NKMillsaps@gmail.com ------- CORRECT

.... "Natalia, Millsaps"


526. "Maidanela, Ossa" --- maidaossarogat@gmail.com ------- CORRECT

.... "Maidanela, Ossa"


527. "Francisca, Medina" --- fmedina@uc.cl ------- CORRECT

.... "Francisca, Medina"


528. "Webb, Millsaps" --- webb@webbmillsapslaw.com ------- CORRECT

.... "Webb, Millsaps"


529. "Sebastian, Pinto" --- sebastianpd@mac.com ------- CORRECT

.... "Sebastian, Pinto"


530. "Luis, Roel" --- boundbygravity12@gmail.com ------- CORRECT

.... "Luis, Roel"


531. "Kevin, Van Dina" --- kevin.vandina@gmail.com ------- CORRECT

.... "Kevin, Van Dina"


532. "Jose, Padron" --- josepadron370@gmail.com ------- CORRECT

.... "Jose, Padron"


533. "Darius, Bounds" --- boundsdarius@gmail.com ------- CORRECT

.... "Darius, Bounds"


534. "Michael, Murray" --- michael_murrayjr@yahoo.com ------- CORRECT

.... "Michael, Murray"


535. "Fabiano, Santos" --- fabianolaptop@yahoo.com ------- CORRECT

.... "Fabiano, Santos"


536. "Edward, Stone" --- E.TOBIN.STONE@GMAIL.COM ------- CORRECT

.... "Edward, Stone"


537. "Christian Joseph, Valdes" --- CODEREDCJVALDES@AOL.COM ------- CORRECT

.... "Christian Joseph, Valdes"


538. "Kapitonau, Herman" --- kap91usa@gmail.com ------- CORRECT

.... "Kapitonau, Herman"


539. "Rebecca, Willett" --- WILLETT.REBECCA@GMAIL.COM ------- CORRECT

.... "Rebecca, Willett"


540. "Henry, Guamantica" --- HENRY.GUAMANTICA001@MYMDC.NET ------- CORRECT

.... "Henry, Guamantica"


541. "Luis, Rivera" --- luis.rivera846@gmail.com ------- CORRECT

.... "Luis, Rivera"


542. "Giovanni, Ortegano" --- Alejandrovelasquez1720@gmail.com ------- CORRECT

.... "Giovanni, Ortegano"


543. "Oriana, Bastidas" --- Bastidasoriana17@gmail.com ------- CORRECT

.... "Oriana, Bastidas"


544. "Alessandra, Illarramendi" --- aillarramendip@gmail.com ------- CORRECT

.... "Alessandra, Illarramendi"


545. "Mauro, Andres" --- mauroans81@outlook.es ------- CORRECT

.... "Mauro, Andres"


546. "Francisco, Badilla" --- fibadilla@uc.cl ------- CORRECT

.... "Francisco, Badilla"


547. "Giacomo, Tomasoni" --- giacomo.tomasoni.b@gmail.com ------- CORRECT

.... "Giacomo, Tomasoni"


548. "Andres, Torrealba" --- torreandres.jose@gmail.com ------- CORRECT

.... "Andres, Torrealba"


549. "Fake, Student" --- aalejo+1@gmail.com ------- CORRECT

.... "Fake, Student"


550. "Fermin, Moreno" --- ferminjmoreno@gmail.com ------- CORRECT

.... "Fermin, Moreno"


551. "Hector, Carrizales" --- hectorcarrizales@gmail.com ------- CORRECT

.... "Hector, Carrizales"


552. "Alfonso, Cedillo" --- cedilloalfonso@gmail.com ------- CORRECT

.... "Alfonso, Cedillo"


553. "Juan Carlos, Romero Ruiz" --- jc.piloto@gmail.com ------- CORRECT

.... "Juan Carlos, Romero Ruiz"


554. "Mafe, Castro" --- mafe@regardee.com ------- CORRECT

.... "Mafe, Castro"


555. "Hugo, Rojas" --- hurojas.rios@gmail.com ------- CORRECT

.... "Hugo, Rojas"


556. "Andrés, Sotomayor" --- sotomayor001@gmail.com ------- CORRECT

.... "Andrés, Sotomayor"


557. "Denny, Solorzano" --- dennyjael@gmail.com ------- CORRECT

.... "Denny, Solorzano"


558. "Jonathan, Comas" --- joncomas@protonmail.com ------- CORRECT

.... "Jonathan, Comas"


559. "Cristian, Villar" --- cvillar.telecom@gmail.com ------- CORRECT

.... "Cristian, Villar"


560. "Rolando, Bergmann" --- airmann@gmail.com ------- CORRECT

.... "Rolando, Bergmann"


561. "Gidneth, Macias" --- gidnethemco@gmail.com ------- CORRECT

.... "Gidneth, Macias"


562. "Victor, Yañez" --- victor.chavarria@gmail.com ------- CORRECT

.... "Victor, Yañez"


563. "Javier, Ruiz" --- jruiz@bbosch.cl ------- CORRECT

.... "Javier, Ruiz"


564. "Jorge, Montes" --- Jorgemontes771@gmail.com ------- CORRECT

.... "Jorge, Montes"


565. "Marcos, Gomez" --- Marcosgomezda@gmail.com ------- CORRECT

.... "Marcos, Gomez"


566. "Sharehan, Jiha" --- sharehanjiha22@hotmail.com ------- CORRECT

.... "Sharehan, Jiha"


567. "Anna, Helin" --- anna.helin@gmail.com ------- CORRECT

.... "Anna, Helin"


568. "Joel, Torres" --- Jft111@outlook.com ------- CORRECT

.... "Joel, Torres"


569. "Lonnie, Pérez" --- lonnieperezc@gmail.com ------- CORRECT

.... "Lonnie, Pérez"


570. "Yineisy, Mota" --- yineisymota1618@gmail.com ------- CORRECT

.... "Yineisy, Mota"


571. "Allan, Peláez" --- pelaez.amz@gmail.com ------- CORRECT

.... "Allan, Peláez"


572. "Fernanda, Ocaranza Sotomayor" --- fernanda.1991.alejandra@gmail.com ------- CORRECT

.... "Fernanda, Ocaranza Sotomayor"


573. "José Raymundo, Sandoval Cervantes" --- soy.jose.cervantes@gmail.com ------- CORRECT

.... "José Raymundo, Sandoval Cervantes"


574. "Catherine, Gonzalez" --- cathyg.ucv@gmail.com ------- CORRECT

.... "Catherine, Gonzalez"


575. "Paola, Castro" --- paocastrob@gmail.com ------- CORRECT

.... "Paola, Castro"


576. "Humberto, Hidalgo" --- hhidalgo@segacy.com ------- CORRECT

.... "Humberto, Hidalgo"


577. "Orlando, Monroy" --- monroyorlando.36@gmail.com ------- CORRECT

.... "Orlando, Monroy"


578. "Ariel, Calisaya" --- calisayaariel62@gmail.com ------- CORRECT

.... "Ariel, Calisaya"


579. "Homero, Luzardo" --- homeroeluzardo@gmail.com ------- CORRECT

.... "Homero, Luzardo"


580. "Jose Luis, Vega" --- Luisvega.jlvv@gmail.com ------- CORRECT

.... "Jose Luis, Vega"


581. "Gabriel, López" --- mage.link.zhezard@gmail.com ------- CORRECT

.... "Gabriel, López"


582. "Mauricio, Moya" --- tnek@tnek.cl ------- CORRECT

.... "Mauricio, Moya"


583. "Alvaro, Villegas" --- villegas.olivares@gmail.com ------- CORRECT

.... "Alvaro, Villegas"


584. "Salvador, Desravines" --- desravines.salvador001@yahoo.com ------- CORRECT

.... "Salvador, Desravines"


585. "Miguel, Mayor" --- mmayor200610@gmail.com ------- CORRECT

.... "Miguel, Mayor"


586. "Jonathan, Monroy" --- jonathan.omj86@gmail.com ------- CORRECT

.... "Jonathan, Monroy"


587. "Eliud, Gomez" --- eliudjgomezg@gmail.com ------- CORRECT

.... "Eliud, Gomez"


588. "Fidel, Rosell" --- farp80@gmail.com ------- CORRECT

.... "Fidel, Rosell"


589. "Alejandro, Sanchez" --- a+new@4geeksacademy.com ------- CORRECT

.... "Alejandro, Sanchez"


590. "Carlos, Maldonado" --- carlosrmaldonadob@gmail.com ------- CORRECT

.... "Carlos, Maldonado"


591. "Ignacio, De La Maza" --- idelamaxa@gmail.com ------- CORRECT

.... "Ignacio, De La Maza"


592. "Deiker, Verasmendi" --- deikerv@gmail.com ------- CORRECT

.... "Deiker, Verasmendi"


593. "Andrey, Melevich" --- andreym7622@gmail.com ------- CORRECT

.... "Andrey, Melevich"


594. "Oscar Enrique, Moraga Acuña" --- omoraga2@gmail.com ------- CORRECT

.... "Oscar Enrique, Moraga Acuña"


595. "Daniel, Huenul" --- Mhuenul@me.com ------- CORRECT

.... "Daniel, Huenul"


596. "Ivan, Muñoz" --- ivan.munoz.r1@outlook.com ------- CORRECT

.... "Ivan, Muñoz"


597. "Sebastian, Contreras" --- sebaxm10@gmail.com ------- CORRECT

.... "Sebastian, Contreras"


598. "Anita, Cornejo" --- anitamaria.cor@gmail.com ------- CORRECT

.... "Anita, Cornejo"


599. "Luis, Rojas" --- luisagustin121@hotmail.com ------- CORRECT

.... "Luis, Rojas"


600. "Eleazar, Rondón" --- erondon@gmail.com ------- CORRECT

.... "Eleazar, Rondón"


601. "Jennifer, Toledo" --- toledojennifer20@gmail.com ------- CORRECT

.... "Jennifer, Toledo"


602. "Enmanuel, Monteverde" --- Enmanuelmonteverde@gmail.com ------- CORRECT

.... "Enmanuel, Monteverde"


603. "Yeison, Rivera" --- yeisonrivera97@gmail.com ------- CORRECT

.... "Yeison, Rivera"


604. "Nicolás, Toro" --- nictorov@gmail.com ------- CORRECT

.... "Nicolás, Toro"


605. "Sebastián Darío, Ramírez Vega" --- sebastian.dariorv@gmail.com ------- CORRECT

.... "Sebastián Darío, Ramírez Vega"


606. "Marco, Lopez Ramos" --- ma.lopezr@gmail.com ------- CORRECT

.... "Marco, Lopez Ramos"


607. "Jose Manuel, Sanchez Cevallos" --- josemanuel777@hotmail.com ------- CORRECT

.... "Jose Manuel, Sanchez Cevallos"


608. "Daniel Eduardo, Borrero Hermoso" --- borrerodaniel89@gmail.com ------- CORRECT

.... "Daniel Eduardo, Borrero Hermoso"


609. "André, Vera Veas" --- veanve@gmail.com ------- CORRECT

.... "André, Vera Veas"


610. "Cristopher, Riveros" --- c.riveros.ramirez@gmail.com ------- CORRECT

.... "Cristopher, Riveros"


611. "Stafania, Catan" --- stefania.catan@gmail.com ------- CORRECT

.... "Stafania, Catan"


612. "Octavio, Lizana" --- octaviolizanas@icloud.com ------- CORRECT

.... "Octavio, Lizana"


613. "Maria Esther, Cañas Hernández" --- emprendedora1999@gmail.com ------- CORRECT

.... "Maria Esther, Cañas Hernández"


614. "Jonathan, Perez" --- jonathan.e.perez@gmail.com ------- CORRECT

.... "Jonathan, Perez"


615. "Haim, Dubitzky" --- hdubitzky@hotmail.com ------- CORRECT

.... "Haim, Dubitzky"


616. "Adoniram, Vargas" --- ADONIRAMJVARGAS@gmail.com ------- CORRECT

.... "Adoniram, Vargas"


617. "Xavier, Medina" --- xavierdimitri@yahoo.com ------- CORRECT

.... "Xavier, Medina"


618. "Igor, Biletskyy" --- bs@privacy.im ------- CORRECT

.... "Igor, Biletskyy"


619. "Martha, Moreno" --- mmoreno@4geeks.co ------- CORRECT

.... "Martha, Moreno"


620. "Javier, Lopez" --- jlopez873@gmail.com ------- CORRECT

.... "Javier, Lopez"


621. "Daniel, Rosales" --- yosdandclxv1@gmail.com ------- CORRECT

.... "Daniel, Rosales"


622. "Everett, Dumont" --- everett.dumont@gmail.com ------- CORRECT

.... "Everett, Dumont"


623. "Ulises, Romero" --- uromero172@gmail.com ------- CORRECT

.... "Ulises, Romero"


624. "Reinaldo, De Sousa" --- reinaldodesousa92@gmail.com ------- CORRECT

.... "Reinaldo, De Sousa"


625. "Jesus, Rodriguez" --- jesus.rodriguezd@hotmail.com ------- CORRECT

.... "Jesus, Rodriguez"


626. "Eduardo, Garcia" --- egmjava@gmail.com ------- CORRECT

.... "Eduardo, Garcia"


627. "Meyling, Fois" --- meyling@gmail.com ------- CORRECT

.... "Meyling, Fois"


628. "Juan, Lucena" --- juandlf11@gmail.com ------- CORRECT

.... "Juan, Lucena"


629. "Jorge, Becker" --- jneutro@gmail.com ------- CORRECT

.... "Jorge, Becker"


630. "Leonardo, Conegan" --- leoconegan@gmail.com ------- CORRECT

.... "Leonardo, Conegan"


631. "Sara, Carrero" --- saramcb26@gmail.com ------- CORRECT

.... "Sara, Carrero"


632. "Ignacio, Fajardo" --- fajardorojas@gmail.com ------- CORRECT

.... "Ignacio, Fajardo"


633. "Luis, Valdebenito" --- eskorp08@gmail.com ------- CORRECT

.... "Luis, Valdebenito"


634. "Joan, Camacho" --- tazxd3@gmail.com ------- CORRECT

.... "Joan, Camacho"


635. "Juan Manuel, De Palacios" --- juanma36@gmail.com ------- CORRECT

.... "Juan Manuel, De Palacios"


636. "Luis, Atencio" --- luisdat87@gmail.com ------- CORRECT

.... "Luis, Atencio"


637. "Melani, Farias" --- me.farias@outlook.com ------- CORRECT

.... "Melani, Farias"


638. "Pedro, Escalona" --- pedro.escalona@redinnova.cl ------- CORRECT

.... "Pedro, Escalona"


639. "Juan, Galeno" --- jgaleno82@gmail.com ------- CORRECT

.... "Juan, Galeno"


640. "Freddy, Medina" --- fma.medina@gmail.com ------- CORRECT

.... "Freddy, Medina"


641. "Juan, Hernandez" --- inginfyciberseguridad2019@gmail.com ------- CORRECT

.... "Juan, Hernandez"


642. "Pia, Ramirez" --- piaignaciara@gmail.com ------- CORRECT

.... "Pia, Ramirez"


643. "Erik, Williamson" --- me@erik.tw ------- CORRECT

.... "Erik, Williamson"


644. "Marianela, Velasquez" --- marianela.vel@gmail.com ------- CORRECT

.... "Marianela, Velasquez"


645. "Jonathan, Minguez" --- jounanmin@hotmail.com ------- CORRECT

.... "Jonathan, Minguez"


646. "Luis, Lucena" --- luis.lucena89@gmail.com ------- CORRECT

.... "Luis, Lucena"


647. "Daniela, Acevedo" --- ella.ale92@gmail.com ------- CORRECT

.... "Daniela, Acevedo"


648. "Sergio, Blanco" --- blancoserg@gmail.com ------- CORRECT

.... "Sergio, Blanco"


649. "Juan Carlos, Castro" --- jckstro@gmail.com ------- CORRECT

.... "Juan Carlos, Castro"


650. "Eduardo, Puermas" --- eduardopuermas@hotmail.com ------- CORRECT

.... "Eduardo, Puermas"


651. "Claridey, Colmenares" --- guatayacool@gmail.com ------- CORRECT

.... "Claridey, Colmenares"


652. "Jennifer, Espinoza" --- j_loaiza09@hotmail.com ------- CORRECT

.... "Jennifer, Espinoza"


653. "Jessica, Lamazares" --- jlamazares01@gmail.com ------- CORRECT

.... "Jessica, Lamazares"


654. "Stephanie, Lee" --- salee38@yahoo.com ------- CORRECT

.... "Stephanie, Lee"


655. "Camilo, Santos" --- santoslozanocamiloandres@hotmail.com ------- CORRECT

.... "Camilo, Santos"


656. "Daniel, Cuenca" --- wasituno@gmail.com ------- CORRECT

.... "Daniel, Cuenca"


657. "Felipe, Briano" --- felipe.briano@gmail.com ------- CORRECT

.... "Felipe, Briano"


658. "Marialejandra, Acosta" --- disfruitando@gmail.com ------- CORRECT

.... "Marialejandra, Acosta"


659. "Pedro, Campos" --- alcatel0202180@gmail.com ------- CORRECT

.... "Pedro, Campos"


660. "Diego, Rojas" --- dsrt1991@gmail.com ------- CORRECT

.... "Diego, Rojas"


661. "Andrés, Gallo" --- andreshugogallo@gmail.com ------- CORRECT

.... "Andrés, Gallo"


662. "Nizar, Yarbouh" --- nyarbouh@me.com ------- CORRECT

.... "Nizar, Yarbouh"


663. "Carlos Eduardo, Vera" --- cevp1992@gmail.com ------- CORRECT

.... "Carlos Eduardo, Vera"


664. "Manuel Alexander, Ruda" --- ruda_manuel@hotmail.com ------- CORRECT

.... "Manuel Alexander, Ruda"


665. "Ezequiel, Umpierrez" --- ezequielumpi@outlook.com ------- CORRECT

.... "Ezequiel, Umpierrez"


666. "Carlos, Molina" --- carlos170373@gmail.com ------- CORRECT

.... "Carlos, Molina"


667. "Ignacio, Codina" --- igcodinap@gmail.com ------- CORRECT

.... "Ignacio, Codina"


668. "Evan, Otero" --- Evan.otero19@gmail.com ------- CORRECT

.... "Evan, Otero"


669. "George, Mihov" --- gmihov001@gmail.com ------- CORRECT

.... "George, Mihov"


670. "Josue, Acevedo" --- josueacev2@gmail.com ------- CORRECT

.... "Josue, Acevedo"


671. "Jorge, Raggio" --- jorge_raggio_a@hotmail.com ------- CORRECT

.... "Jorge, Raggio"


672. "Adriana, Anteliz" --- adrializ23@gmail.com ------- CORRECT

.... "Adriana, Anteliz"


673. "Valentina, Bahamondes" --- valentinabahamondesv@gmail.com ------- CORRECT

.... "Valentina, Bahamondes"


674. "Nathan, Cortez" --- nathancortezggh@outlook.com ------- CORRECT

.... "Nathan, Cortez"


675. "Jorge, Bahamondes" --- jorge.bahamondes.villar@gmail.com ------- CORRECT

.... "Jorge, Bahamondes"


676. "Daniel, Cubillan" --- daniel.cubillan92@gmail.com ------- CORRECT

.... "Daniel, Cubillan"


677. "Gabriel, Lamuño" --- gc2lgno@gmail.com ------- CORRECT

.... "Gabriel, Lamuño"


678. "Rosangela, Medina" --- rosaalegna-256@hotmail.com ------- CORRECT

.... "Rosangela, Medina"


679. "Antonio, Sanchez" --- ajosesanchezc@gmail.com ------- CORRECT

.... "Antonio, Sanchez"


680. "Antonio, Villalobros" --- antoniovillalobos@gmail.com ------- CORRECT

.... "Antonio, Villalobros"


681. "Andry, Garcia" --- andjos27@gmail.com ------- CORRECT

.... "Andry, Garcia"


682. "Jessica, Martinez" --- jessica.lmn@gmail.com ------- CORRECT

.... "Jessica, Martinez"


683. "Rodrigo, Gutierrez" --- rodrigo644@gmail.com ------- CORRECT

.... "Rodrigo, Gutierrez"


684. "Roberto, Bascur" --- robertobascur@gmail.com ------- CORRECT

.... "Roberto, Bascur"


685. "Andrea, Bascur" --- ambascurpinto@gmail.com ------- CORRECT

.... "Andrea, Bascur"


686. "Carlos, Calles" --- carlos@srn-ti.cl ------- CORRECT

.... "Carlos, Calles"


687. "Islange, Frontado" --- islafrontado@gmail.com ------- CORRECT

.... "Islange, Frontado"


688. "Maria Jose, Berges" --- mariaberges4@gmail.com ------- CORRECT

.... "Maria Jose, Berges"


689. "Fernanda, Sampaio" --- falecomnandinha@gmail.com ------- CORRECT

.... "Fernanda, Sampaio"


690. "Fernolds, Alvarado" --- afernolds@gmail.com ------- CORRECT

.... "Fernolds, Alvarado"


691. "Juan Carlos, Vegas" --- jcvegas992@gmail.com ------- CORRECT

.... "Juan Carlos, Vegas"


692. "Iante, Mckinney" --- Mckinney.iante@gmail.com ------- CORRECT

.... "Iante, Mckinney"


693. "Rayjae, Lindsay" --- Rajaelindsay09@gmail.com ------- CORRECT

.... "Rayjae, Lindsay"


694. "Choeurlee, Pierre-victor" --- ronnoalvo@gmail.com ------- CORRECT

.... "Choeurlee, Pierre-victor"


695. "John, Rios" --- Johnrios0411@gmail.com ------- CORRECT

.... "John, Rios"


696. "Zakarey, Duley" --- Zackduley16@gmail.com ------- CORRECT

.... "Zakarey, Duley"


697. "Issac, Allenyne" --- issacallenyne@gmail.com ------- CORRECT

.... "Issac, Allenyne"


698. "Anthony, Smith" --- Anthony.mays1984@gmail.com ------- CORRECT

.... "Anthony, Smith"


699. "Rihanni, Winningham" --- rihwinn@gmail.com ------- CORRECT

.... "Rihanni, Winningham"


700. "Ernesto, Freyre" --- ernesto.freyreg@gmail.com ------- CORRECT

.... "Ernesto, Freyre"


701. "Zion, Raymond" --- zion_raymond@hotmail.com ------- CORRECT

.... "Zion, Raymond"


702. "Issac, Alleyne" --- issacalleyne@gmail.com ------- CORRECT

.... "Issac, Alleyne"


703. "Nhinhoshxhy, Desprez" --- NoshDEsprez@gmail.com ------- CORRECT

.... "Nhinhoshxhy, Desprez"


704. "Carlos, Parada" --- carlosjaviermartinezparada@gmail.com ------- CORRECT

.... "Carlos, Parada"


705. "Marielyn, Otero" --- marielyn.otero@gmail.com ------- CORRECT

.... "Marielyn, Otero"


706. "Jorge, Martinez" --- Jorgemartinezfigueroa@yahoo.com ------- CORRECT

.... "Jorge, Martinez"


707. "Victor, Mori" --- victorfernan_moriganador@hotmail.com ------- CORRECT

.... "Victor, Mori"


708. "Constanza, Lastra" --- cflastra@gmail.com ------- CORRECT

.... "Constanza, Lastra"


709. "Marcelo, Correa" --- MARCELOGRIMALDI@LIVE.COM ------- CORRECT

.... "Marcelo, Correa"


